Drug Type,Name,Batch No,Description,Stock,Manufacturing Date,Expiration Date,Price,Category
Patent Medicines,Ayush 64 40 T/C,,,,,,,
Patent Medicines,Ayush 64 1000 T/C,,,,,,,
Patent Medicines,M-Liv 40 T/C,,,,,,,
Patent Medicines,M-Liv 1000 T/C,,,,,,,
Patent Medicines,M-Liv Syrup 100 ml,,,,,,,
Patent Medicines,M-Liv Syrup 200 ml,,,,,,,
Patent Medicines,M-Liv Syrup 450 ml,,,,,,,
Patent Medicines,M-Vasako Syrup 100 ml,,,,,,,
Patent Medicines,M-Vasako Syrup 200 ml,,,,,,,
Patent Medicines,M-Vasako Syrup 450 ml,,,,,,,
Patent Medicines,M-Shankhapushpi Syrup 100 ml,,,,,,,
Patent Medicines,M-Shankhapushpi Syrup 200 ml,,,,,,,
Patent Medicines,M-Shankhapushpi Syrup 450 ml,,,,,,,
Patent Medicines,M-Sarpagandha Mishran 40 T/C,,,,,,,
Patent Medicines,M-Sarpagandha Mishran 1000 T/C,,,,,,,
Patent Medicines,M-Tribhuvan Mishran 40 T/C,,,,,,,
Patent Medicines,M-Tribhuvan Mishran 1000 T/C,,,,,,,
Patent Medicines,M-Brahmi Rasayan 100 gm,,,,,,,
Patent Medicines,M-Sudarshanghan Vati 5 gm,,,,,,,
Patent Medicines,M-Sudarshanghan Vati 100 gm,,,,,,,
Patent Medicines,M-Svadishta Virechan Choorna 50 gm,,,,,,,
Patent Medicines,M-Svadishta Virechan Choorna 1 kg,,,,,,,
Rasa,Anandbhairava Rasa 5 gm,,,,,,,
Rasa,Anandbhairava Rasa 100 gm,,,,,,,
Rasa,Arshakuthar Rasa 5 gm,,,,,,,
Rasa,Arshakuthar Rasa 10 gm,,,,,,,
Rasa,Arshakuthar Rasa 100 gm,,,,,,,
Rasa,Chandramrita Rasa 5 gm,,,,,,,
Rasa,Chandramrita Rasa 100 gm,,,,,,,
Rasa,Ekangvira Rasa 5 gm,,,,,,,
Rasa,Ekangvira Rasa 100 gm,,,,,,,
Rasa,Hydayarnava Rasa 5 gm,,,,,,,
Rasa,Hydayarnava Rasa 100 gm,,,,,,,
Rasa,Kamdugha Rasa (Amlapitta) Without Mukta 5 gm,,,,,,,
Rasa,Kamdugha Rasa (Amlapitta) Without Mukta 100 gm,,,,,,,
Rasa,Kamdugha Rasa (Jvar) 5 gm,,,,,,,
Rasa,Kamdugha Rasa (Jvar) 100 gm,,,,,,,
Rasa,Krimimudgar Rasa 5 gm,,,,,,,
Rasa,Krimimudgar Rasa 100 gm,,,,,,,
Rasa,Lakshmivilas Rasa (Naradiya) 5 gm,,,,,,,
Rasa,Lakshmivilas Rasa (Naradiya) 100 gm,,,,,,,
Rasa,Laghu Malini Vasanta Rasa 5 gm,,,,,,,
Rasa,Laghu Malini Vasanta Rasa 100 gm,,,,,,,
Rasa,Laghu Sutashekhara Rasa 5 gm,,,,,,,
Rasa,Laghu Sutashekhara Rasa 100 gm,,,,,,,
Rasa,Mritunjaya Rasa 5 gm,,,,,,,
Rasa,Mritunjaya Rasa 100 gm,,,,,,,
Rasa,Navjivan Rasa 5 gm,,,,,,,
Rasa,Navjivan Rasa 100 gm,,,,,,,
Rasa,Nityodit Rasa 10 gm,,,,,,,
Rasa,Nityodit Rasa 100 gm,,,,,,,
Rasa,Praval Panchamrita Rasa 5 gm,,,,,,,
Rasa,Rasamanikya 5 gm,,,,,,,
Rasa,Rasamanikya 100 gm,,,,,,,
Rasa,Shirah Shuladri Vajra Rasa 5 gm,,,,,,,
Rasa,Shirah Shuladri Vajra Rasa 100 gm,,,,,,,
Rasa,Shringarabhra Rasa 5 gm,,,,,,,
Rasa,Shringarabhra Rasa 100 gm,,,,,,,
Rasa,Smritisagar Rasa 5 gm,,,,,,,
Rasa,Smritisagar Rasa 100 gm,,,,,,,
Rasa,Sutashekhara Rasa Without Gold 5 gm,,,,,,,
Rasa,Sutashekhara Rasa Without Gold 100 gm,,,,,,,
Rasa,Swaskuthara Rasa 5 gm,,,,,,,
Rasa,Swaskuthara Rasa 100 gm,,,,,,,
Rasa,Tribhuvankirti Rasa 5 gm,,,,,,,
Rasa,Tribhuvankirti Rasa 100 gm,,,,,,,
Rasa,Vata Vidhvamsana Rasa 5 gm,,,,,,,
Rasa,Vata Vidhvamsana Rasa 100 gm,,,,,,,
Vati & Gutika,Agnitundi Vati 5 gm,,,,,,,
Vati & Gutika,Agnitundi Vati 500 gm,,,,,,,
Vati & Gutika,Arogyavardhini Gutika 10 gm,,,,,,,
Vati & Gutika,Arogyavardhini Gutika 500 gm,,,,,,,
Vati & Gutika,Chandraprabha Vati 10 gm,,,,,,,
Vati & Gutika,Chandraprabha Vati 500 gm,,,,,,,
Vati & Gutika,Chitrakadi Gutika 10 gm,,,,,,,
Vati & Gutika,Chitrakadi Gutika 500 gm,,,,,,,
Vati & Gutika,Eladi Gutika 10 gm,,,,,,,
Vati & Gutika,Eladi Gutika 500 gm,,,,,,,
Vati & Gutika,Gandhaka Vati 10 gm,,,,,,,
Vati & Gutika,Gandhaka Vati 500 gm,,,,,,,
Vati & Gutika,Kankayan Gutika 10 gm,,,,,,,
Vati & Gutika,Kankayan Gutika 500 gm,,,,,,,
Vati & Gutika,Khadiradi Gutika (Kasa) 10 gm,,,,,,,
Vati & Gutika,Khadiradi Gutika (Kasa) 500 gm,,,,,,,
Vati & Gutika,Khadiradi Gutika (Mukhroga) 10 gm,,,,,,,
Vati & Gutika,Khadiradi Gutika (Mukhroga) 500 gm,,,,,,,
Vati & Gutika,Lashunadi Vati 10 gm,,,,,,,
Vati & Gutika,Lashunadi Vati 500 gm,,,,,,,
Vati & Gutika,Lavangadi Vati 10 gm,,,,,,,
Vati & Gutika,Lavangadi Vati 500 gm,,,,,,,
Vati & Gutika,Mahashankha Vati 5 gm,,,,,,,
Vati & Gutika,Mahashankha Vati 500 gm,,,,,,,
Vati & Gutika,Pranda Gutika 10 gm,,,,,,,
Vati & Gutika,Pranda Gutika 500 gm,,,,,,,
Vati & Gutika,Rajah Pravartini Vati 5 gm,,,,,,,
Vati & Gutika,Rajah Pravartini Vati 100 gm,,,,,,,
Vati & Gutika,Sanjiwani Vati 5 gm,,,,,,,
Vati & Gutika,Sanjiwani Vati 500 gm,,,,,,,
Vati & Gutika,Sansamani Vati 5 gm,,,,,,,
Vati & Gutika,Sansamani Vati 100 gm,,,,,,,
Vati & Gutika,Sarivadi Vati 10 gm,,,,,,,
Vati & Gutika,Sarivadi Vati 100 gm,,,,,,,
Vati & Gutika,Shankh Vati 5 gm,,,,,,,
Vati & Gutika,Shankh Vati 500 gm,,,,,,,
Vati & Gutika,Vishmushtika Vati 5 gm,,,,,,,
Vati & Gutika,Vishmushtika Vati 100 gm,,,,,,,
Vati & Gutika,Vishtinduk Vati 5 gm,,,,,,,
Vati & Gutika,Vishtinduk Vati 100 gm,,,,,,,
Vati & Gutika,Vyoshadi Vati 10 gm,,,,,,,
Vati & Gutika,Vyoshadi Vati 100 gm,,,,,,,
Ghan Vati,Kutajghan Vati 5 gm,,,,,,,
Ghan Vati,Kutajghan Vati 100 gm,,,,,,,
Bhasma,Godanti Bhasma 5 gm,,,,,,,
Bhasma,Godanti Bhasma 100 gm,,,,,,,
Bhasma,Godanti Bhasma 1 kg,,,,,,,
Bhasma,Kapardika Bhasma 5 gm,,,,,,,
Bhasma,Kapardika Bhasma 100 gm,,,,,,,
Bhasma,Kapardika Bhasma 1 kg,,,,,,,
Bhasma,Muktashukti Bhasma 5 gm,,,,,,,
Bhasma,Muktashukti Bhasma 100 gm,,,,,,,
Bhasma,Muktashukti Bhasma 1 kg,,,,,,,
Bhasma,Praval Bhasma 5 gm,,,,,,,
Bhasma,Praval Bhasma 1 kg,,,,,,,
Bhasma,Shankha Bhasma 5 gm,,,,,,,
Bhasma,Shankha Bhasma 100 gm,,,,,,,
Bhasma,Shankha Bhasma 1 kg,,,,,,,
Bhasma,Sphatika Bhasma 5 gm,,,,,,,
Bhasma,Sphatika Bhasma 100 gm,,,,,,,
Bhasma,Sphatika Bhasma 1 kg,,,,,,,
Bhasma,Tankan Bhasma 5 gm,,,,,,,
Bhasma,Tankan Bhasma 100 gm,,,,,,,
Bhasma,Tankan Bhasma 1 kg,,,,,,,
Lepa,Dadrughn Lepa 10 gm,,,,,,,
Lepa,Dadrughn Lepa 100 gm,,,,,,,
Lepa,Dashanga Lepa 50 gm,,,,,,,
Lepa,Dashanga Lepa 500 gm,,,,,,,
Lepa,Lepagutika 10 gm,,,,,,,
Lepa,Lepagutika 100 gm,,,,,,,
Lauha,Brihadyakridari Lauha 10 gm,,,,,,,
Lauha,Brihadyakridari Lauha 100 gm,,,,,,,
Lauha,Chandanadi Lauha 10 gm,,,,,,,
Lauha,Chandanadi Lauha 100 gm,,,,,,,
Lauha,Dhatri Lauha 10 gm,,,,,,,
Lauha,Dhatri Lauha 100 gm,,,,,,,
Lauha,Dhatri Lauha 60 Cap,,,,,,,
Lauha,Navayasa Lauha 10 gm,,,,,,,
Lauha,Navayasa Lauha 100 gm,,,,,,,
Lauha,Saptamrita Lauha 10 gm,,,,,,,
Lauha,Saptamrita Lauha 100 gm,,,,,,,
Lauha,Shilajetvadi Lauha 10 gm,,,,,,,
Lauha,Shilajetvadi Lauha 100 gm,,,,,,,
Lauha,Vidangadya Lauha 10 gm,,,,,,,
Lauha,Vidangadya Lauha 100 gm,,,,,,,
Choorna,Ajmodadi Choorna 50 gm,,,,,,,
Choorna,Ajmodadi Choorna 1 kg,,,,,,,
Choorna,Amalaki Choorna 100 gm,,,,,,,
Choorna,Amalaki Choorna 1 kg,,,,,,,
Choorna,Ashtanglavan Choorna 50 gm,,,,,,,
Choorna,Ashtanglavan Choorna 1 kg,,,,,,,
Choorna,Ashwagandha Choorna 50 gm,,,,,,,
Choorna,Ashwagandha Choorna 1 kg,,,,,,,
Choorna,Avipattikar Choorna 50 gm,,,,,,,
Choorna,Avipattikar Choorna 1 kg,,,,,,,
Choorna,Bakuchi Choorna 10 gm,,,,,,,
Choorna,Bakuchi Choorna 1 kg,,,,,,,
Choorna,Balchaturbhadrika Choorna 25 gm,,,,,,,
Choorna,Balchaturbhadrika Choorna 1 kg,,,,,,,
Choorna,Bhaskar Lavan Choorna 50 gm,,,,,,,
Choorna,Bhaskar Lavan Choorna 1 kg,,,,,,,
Choorna,Dadimastak Choorna 50 gm,,,,,,,
Choorna,Dadimastak Choorna 1 kg,,,,,,,
Choorna,Dashan Sanskar Choorna 20 gm,,,,,,,
Choorna,Dashan Sanskar Choorna 1 kg,,,,,,,
Choorna,Haritaki Choorna 50 gm,,,,,,,
Choorna,Haritaki Choorna 1 kg,,,,,,,
Choorna,Hingwastak Choorna 50 gm,,,,,,,
Choorna,Hingwastak Choorna 1 kg,,,,,,,
Choorna,Madhuyashti Choorna 25 gm,,,,,,,
Choorna,Madhuyashti Choorna 1 kg,,,,,,,
Choorna,Panchnimb Choorna 50 gm,,,,,,,
Choorna,Panchnimb Choorna 1 kg,,,,,,,
Choorna,Pippali Choorna 25 gm,,,,,,,
Choorna,Pippali Choorna 1 kg,,,,,,,
Choorna,Pushyanug Choorna 50 gm,,,,,,,
Choorna,Pushyanug Choorna 1 kg,,,,,,,
Choorna,Shunthi Choorna 25 gm,,,,,,,
Choorna,Shunthi Choorna 1 kg,,,,,,,
Choorna,Sitopaladi Choorna 25 gm,,,,,,,
Choorna,Sitopaladi Choorna 50 gm,,,,,,,
Choorna,Sitopaladi Choorna 1 kg,,,,,,,
Choorna,Somlata Choorna 25 gm,,,,,,,
Choorna,Somlata Choorna 500 gm,,,,,,,
Choorna,Sudarsana Choorna 25 gm,,,,,,,
Choorna,Sudarsana Choorna 1 kg,,,,,,,
Choorna,Sudha Svarnagairik Choorna 10 gm,,,,,,,
Choorna,Sudha Svarnagairik Choorna 50 gm,,,,,,,
Choorna,Talisadi Choorna 50 gm,,,,,,,
Choorna,Talisadi Choorna 1 kg,,,,,,,
Choorna,Triphala Choorna 50 gm,,,,,,,
Choorna,Triphala Choorna 1 kg,,,,,,,
Choorna,Trivrita Choorna 5 gm,,,,,,,
Choorna,Trivrita Choorna 1 kg,,,,,,,
Kvatha Choorna,Br. Manjishtadi Kvatha 100 gm,,,,,,,
Kvatha Choorna,Dashmool Kvatha 100 gm,,,,,,,
Kvatha Choorna,Nagaradi Kvatha 100 gm,,,,,,,
Kvatha Choorna,Pashanbhedadi Kvatha 100 gm,,,,,,,
Kvatha Choorna,Panchavalkala Kvatha 100 gm,,,,,,,
Kvatha Choorna,Phalatrikadi Kvatha 100 gm,,,,,,,
Kvatha Choorna,Rasnairandadi Kvatha 100 gm,,,,,,,
Kvatha Choorna,Rasnairandadi Kvatha 200 gm,,,,,,,
Kvatha Choorna,Rasnasaptaka Kvatha 100 gm,,,,,,,
Kvatha Choorna,Trinpanchamool Kvatha 100 gm,,,,,,,
Kvatha Choorna,Varunadi Kvatha 100 gm,,,,,,,
Pishti,Akik Pishti 5 gm,,,,,,,
Pishti,Akik Pishti 100 gm,,,,,,,
Pishti,Muktapishti 5 gm,,,,,,,
Pishti,Muktapishti 10 gm,,,,,,,
Pishti,Praval Pishti 5 gm,,,,,,,
Pishti,Praval Pishti 100 gm,,,,,,,
Pishti,Praval Pishti 30 T/C,,,,,,,
Pishti,Sangeyahood Pishti 5 gm,,,,,,,
Pishti,Sangeyahood Pishti 100 gm,,,,,,,
Pishti,Trinkantmani Pishti 5 gm,,,,,,,
Avaleha & Pak,Agastyaharitaki Rasayan 100 gm,,,,,,,
Avaleha & Pak,Bilwadi Leha 100 gm,,,,,,,
Avaleha & Pak,Brahm Rasayan 100 gm,,,,,,,
Avaleha & Pak,Brahm Rasayan 450 gm,,,,,,,
Avaleha & Pak,Chitrakharitaki Rasayan 100 gm,,,,,,,
Avaleha & Pak,Chyavan Prash 180 gm,,,,,,,
Avaleha & Pak,Chyavan Prash 450 gm,,,,,,,
Avaleha & Pak,Haridra Khanda 100 gm,,,,,,,
Avaleha & Pak,Kantakaryavaleha (Syrup) 100 ml,,,,,,,
Avaleha & Pak,Kushmandaka Rasayana 100 gm,,,,,,,
Avaleha & Pak,Kushmandaka Rasayana 450 gm,,,,,,,
Avaleha & Pak,Kutajavaleha (Syrup) 100 ml,,,,,,,
Avaleha & Pak,Madhusnuhi Rasayan 100 gm,,,,,,,
Avaleha & Pak,Pugakhand (Suparipak) 100 gm,,,,,,,
Avaleha & Pak,Shatavari Guda 100 gm,,,,,,,
Avaleha & Pak,Saubhagyashunthi 100 gm,,,,,,,
Avaleha & Pak,Vasavaleha 100 gm,,,,,,,
Arka,Ark Saunfa (Mishreyark) 100 ml,,,,,,,
Arka,Ark Ajvayan (Yavanyarka) 100 ml,,,,,,,
Asava,Aravindasava 200 ml,,,,,,,
Asava,Aravindasava 450 ml,,,,,,,
Asava,Chandanasava 200 ml,,,,,,,
Asava,Chandanasava 450 ml,,,,,,,
Asava,Drakshasava 200 ml,,,,,,,
Asava,Drakshasava 450 ml,,,,,,,
Asava,Kanakasava 200 ml,,,,,,,
Asava,Kanakasava 450 ml,,,,,,,
Asava,Kumaryasava (A) 200 ml,,,,,,,
Asava,Kumaryasava (A) 450 ml,,,,,,,
Asava,Lohasava 200 ml,,,,,,,
Asava,Lohasava 450 ml,,,,,,,
Asava,Punarnavasava 200 ml,,,,,,,
Asava,Punarnavasava 450 ml,,,,,,,
Asava,Rodhrasava/Lodhrasava 200 ml,,,,,,,
Asava,Rodhrasava/Lodhrasava 450 ml,,,,,,,
Asava,Sarivadyasava 200 ml,,,,,,,
Asava,Sarivadyasava 450 ml,,,,,,,
Asava,Vaskasava (Vasakarishta) 200 ml,,,,,,,
Asava,Vaskasava (Vasakarishta) 450 ml,,,,,,,
Arishta,Abhayarishta 200 ml,,,,,,,
Arishta,Abhayarishta 450 ml,,,,,,,
Arishta,Amritarishta 200 ml,,,,,,,
Arishta,Amritarishta 450 ml,,,,,,,
Arishta,Arjunarishta 200 ml,,,,,,,
Arishta,Arjunarishta 450 ml,,,,,,,
Arishta,Ashokarishta 200 ml,,,,,,,
Arishta,Ashokarishta 450 ml,,,,,,,
Arishta,Ashvagandhadyarishta 200 ml,,,,,,,
Arishta,Ashvagandhadyarishta 450 ml,,,,,,,
Arishta,Balarishta 200 ml,,,,,,,
Arishta,Balarishta 450 ml,,,,,,,
Arishta,Dashmularishta 200 ml,,,,,,,
Arishta,Dashmularishta 450 ml,,,,,,,
Arishta,Jeerkadyarishta 200 ml,,,,,,,
Arishta,Jeerkadyarishta 450 ml,,,,,,,
Arishta,Khadirarishta 200 ml,,,,,,,
Arishta,Khadirarishta 450 ml,,,,,,,
Arishta,Kutajarishta 200 ml,,,,,,,
Arishta,Kutajarishta 450 ml,,,,,,,
Arishta,Mustakarishta 200 ml,,,,,,,
Arishta,Mustakarishta 450 ml,,,,,,,
Arishta,Rohitakarishta 200 ml,,,,,,,
Arishta,Rohitakarishta 450 ml,,,,,,,
Arishta,Vidangarishta 200 ml,,,,,,,
Arishta,Vidangarishta 450 ml,,,,,,,
Taila,Anu Taila 10 ml,,,,,,,
Taila,Apamargakshar Taila 10 ml,,,,,,,
Taila,Apamargakshar Taila 50 ml,,,,,,,
Taila,Arimedadi Taila 10 ml,,,,,,,
Taila,Balashvagandhalakshadi Taila 50 ml,,,,,,,
Taila,Bala Guduchyadi Taila 50 ml,,,,,,,
Taila,Bhringaraj Taila 50 ml,,,,,,,
Taila,Br. Guduchi Taila 50 ml,,,,,,,
Taila,Br. Guduchi Taila 450 ml,,,,,,,
Taila,Br. Marichyadi Taila 50 ml,,,,,,,
Taila,Br. Marichyadi Taila 450 ml,,,,,,,
Taila,Br. Saindhavadya Taila 50 ml,,,,,,,
Taila,Br. Saindhavadya Taila 450 ml,,,,,,,
Taila,Chandanabalalakshadi Taila 50 ml,,,,,,,
Taila,Chandanabalalakshadi Taila 450 ml,,,,,,,
Taila,Dhanvantara Taila 50 ml,,,,,,,
Taila,Dhanvantara Taila 450 ml,,,,,,,
Taila,Dhutturadi Taila 50 ml,,,,,,,
Taila,Erand Taila (Murchhit) 50 ml,,,,,,,
Taila,Erand Taila (Murchhit) 450 ml,,,,,,,
Taila,Gandharvahasta Taila 50 ml,,,,,,,
Taila,Jatyadi Taila 50 ml,,,,,,,
Taila,Jatyadi Taila 450 ml,,,,,,,
Taila,Kasisadya Taila (Br.) 25 ml,,,,,,,
Taila,Kshirabala Taila (Ekapaki) 50 ml,,,,,,,
Taila,Kshirabala Taila (Ekapaki) 450 ml,,,,,,,
Taila,Kushtharakshas Taila 50 ml,,,,,,,
Taila,Laghuvishgarbha Taila 50 ml,,,,,,,
Taila,Laghuvishgarbha Taila 450 ml,,,,,,,
Taila,Madhuyashtyadi Taila 50 ml,,,,,,,
Taila,Mahamasha Taila (Samisha) 50 ml,,,,,,,
Taila,Mahamasha Taila (Samisha) 450 ml,,,,,,,
Taila,Maha Narayana Taila 50 ml,,,,,,,
Taila,Maha Narayana Taila 100 ml,,,,,,,
Taila,Maha Narayana Taila 450 ml,,,,,,,
Taila,Neelibhringyadi Ker Taila 50 ml,,,,,,,
Taila,Neelibhringyadi Ker Taila 450 ml,,,,,,,
Taila,Nirgundi Taila 10 ml,,,,,,,
Taila,Panchaguna Taila 50 ml,,,,,,,
Taila,Panchaguna Taila 450 ml,,,,,,,
Taila,Pinda Taila 50 ml,,,,,,,
Taila,Pinda Taila 450 ml,,,,,,,
Taila,Shadbindu Taila 10 ml,,,,,,,
Taila,Shadbindu Taila 50 ml,,,,,,,
Taila,Tuvaraka Taila (Chalmogra) 25 ml,,,,,,,
Ghrita,Brahmi Ghrita 100 gm,,,,,,,
Ghrita,Changeri Ghrita 100 gm,,,,,,,
Ghrita,Mahatriphaladya Ghrita 100 gm,,,,,,,
Ghrita,Panchatiktaguggulu Ghrita 100 gm,,,,,,,
Ghrita,Sarasvata Ghrita 100 gm,,,,,,,
Ghrita,Sukumar Ghrita 100 gm,,,,,,,
Varti,Chandrodaya Varti 5 gm,,,,,,,
Parpati,Panchamrita Parpati 5 gm,,,,,,,
Parpati,Panchamrita Parpati 100 gm,,,,,,,
Parpati,Shvet Parpati 10 gm,,,,,,,
Parpati,Shvet Parpati 100 gm,,,,,,,
Mandoor,Punarnavadi Mandoor 10 gm,,,,,,,
Mandoor,Punarnavadi Mandoor 100 gm,,,,,,,
Mandoor,Punarnavadi Mandoor 60 Tab/Cap,,,,,,,
Shuddha Dravya,Shuddha Gandhak 5 gm,,,,,,,
Shuddha Dravya,Shuddha Narsar (Navasadar) 10 gm,,,,,,,
Shuddha Dravya,Shuddha Narsar (Navasadar) 1 kg,,,,,,,
Shuddha Dravya,Shuddha Silajatu 10 gm,,,,,,,
Shuddha Dravya,Shuddha Silajatu 50 gm,,,,,,,
Guggulu,Gokshuradi Guggulu 20 gm,,,,,,,
Guggulu,Gokshuradi Guggulu 1 kg,,,,,,,
Guggulu,Kaishore Guggulu 20 gm,,,,,,,
Guggulu,Kaishore Guggulu 1 kg,,,,,,,
Guggulu,Kanchnar Guggulu 20 gm,,,,,,,
Guggulu,Kanchnar Guggulu 1 kg,,,,,,,
Guggulu,Laksa Guggulu 20 gm,,,,,,,
Guggulu,Laksa Guggulu 1 kg,,,,,,,
Guggulu,Punarnavadi Guggulu 20 gm,,,,,,,
Guggulu,Punarnavadi Guggulu 1 kg,,,,,,,
Guggulu,Saptavimshatika Guggulu 20 gm,,,,,,,
Guggulu,Saptavimshatika Guggulu 1 kg,,,,,,,
Guggulu,Singhnad Guggulu 20 gm,,,,,,,
Guggulu,Singhnad Guggulu 1 kg,,,,,,,
Guggulu,Triphala Guggulu 20 gm,,,,,,,
Guggulu,Triphala Guggulu 1 kg,,,,,,,
Guggulu,Trayodashanga Guggulu 20 gm,,,,,,,
Guggulu,Trayodashanga Guggulu 1 kg,,,,,,,
Guggulu,Vatari Guggulu 20 gm,,,,,,,
Guggulu,Vatari Guggulu 1 kg,,,,,,,
Guggulu,Vyoshadi Guggulu 20 gm,,,,,,,
Guggulu,Vyoshadi Guggulu 1 kg,,,,,,,
Guggulu,Yograj Guggulu 20 gm,,,,,,,
Guggulu,Yograj Guggulu 1 kg,,,,,,,
Araq,Araq-e-Badiyan 200 ml,,,,,,,
Araq,Araq-e-Gaozaban 200 ml,,,,,,,
Araq,Araq-e-Kasni 200 ml,,,,,,,
Araq,Araq-e-Mako 200 ml,,,,,,,
Araq,Araq-e-Ajeeb 5 ml,,,,,,,
Habb & Qurs,Habb-e-Azaraqi 30 pill,,,,,,,
Habb & Qurs,Habb-e-Azaraqi 1000 pill,,,,,,,
Habb & Qurs,Habb-e-Bawaseer-1 30 pill,,,,,,,
Habb & Qurs,Habb-e-Bawaseer-1 1000 pill,,,,,,,
Habb & Qurs,Habb-e-Bukhar 30 pill,,,,,,,
Habb & Qurs,Habb-e-Bukhar 1000 pill,,,,,,,
Habb & Qurs,Habb-e-Hindi Zeeqi 30 pill,,,,,,,
Habb & Qurs,Habb-e-Hindi Zeeqi 1000 pill,,,,,,,
Habb & Qurs,Habb-e-Jawahar 30 pill,,,,,,,
Habb & Qurs,Habb-e-Jawahar 1000 pill,,,,,,,
Habb & Qurs,Habb-e-Jund 30 pill,,,,,,,
Habb & Qurs,Habb-e-Jund 1000 pill,,,,,,,
Habb & Qurs,Habb-e-Kabid Naushadri 30 pill,,,,,,,
Habb & Qurs,Habb-e-Kabid Naushadri 1000 pill,,,,,,,
Habb & Qurs,Habb-e-Mudir 30 pill,,,,,,,
Habb & Qurs,Habb-e-Mudir 1000 pill,,,,,,,
Habb & Qurs,Habb-e-Muqil 30 pill,,,,,,,
Habb & Qurs,Habb-e-Muqil 1000 pill,,,,,,,
Habb & Qurs,Habb-e-Rasaut 30 pill,,,,,,,
Habb & Qurs,Habb-e-Rasaut 1000 pill,,,,,,,
Habb & Qurs,Habb-e-Shifa 30 pill,,,,,,,
Habb & Qurs,Habb-e-Shifa 1000 pill,,,,,,,
Habb & Qurs,Habb-e-Suranjan 30 pill,,,,,,,
Habb & Qurs,Habb-e-Suranjan 1000 pill,,,,,,,
Habb & Qurs,Habb-e-Surfa 30 pill,,,,,,,
Habb & Qurs,Habb-e-Surfa 1000 pill,,,,,,,
Habb & Qurs,Habb-e-Tinkar 30 pill,,,,,,,
Habb & Qurs,Habb-e-Tinkar 1000 pill,,,,,,,
Habb & Qurs,Habb-e-Tursh Mushti 30 pill,,,,,,,
Habb & Qurs,Habb-e-Tursh Mushti 1000 pill,,,,,,,
Habb & Qurs,Habb-e-Musaffi Khoon 30 pill,,,,,,,
Habb & Qurs,Habb-e-Musaffi Khoon 1000 pill,,,,,,,
Habb & Qurs,Habb-e-Ral 30 pill,,,,,,,
Habb & Qurs,Habb-e-Ral 1000 pill,,,,,,,
Habb & Qurs,Qurs-e-Ghafis 30 pill,,,,,,,
Habb & Qurs,Qurs-e-Ghafis 1000 pill,,,,,,,
Habb & Qurs,Qurs-e-Mulyaiyan 30 pill,,,,,,,
Habb & Qurs,Qurs-e-Mulyaiyan 1000 pill,,,,,,,
Habb & Qurs,Qurs-e-Zarishk 30 pill,,,,,,,
Habb & Qurs,Qurs-e-Zarishk 1000 pill,,,,,,,
Habb & Qurs,Qurs-e-Ziabitus 30 pill,,,,,,,
Habb & Qurs,Qurs-e-Ziabitus 1000 pill,,,,,,,
Habb & Qurs,Qurs-e-Kafoor 30 pill,,,,,,,
Habb & Qurs,Qurs-e-Kafoor 1000 pill,,,,,,,
Habb & Qurs,Bandiq-ul-Buzoor 30 pill,,,,,,,
Habb & Qurs,Bandiq-ul-Buzoor 1000 pill,,,,,,,
Itrifal,Itrifal-e-Shahtara 100 gm,,,,,,,
Itrifal,Itrifal-e-Ustukhuddus 100 gm,,,,,,,
Itrifal,Itrifal-e-Kishneezi 100 gm,,,,,,,
Itrifal,Itrifal-e-zamani 100 gm,,,,,,,
Jawarish,Jawarish-e-Anarain 100 gm,,,,,,,
Jawarish,Jawarish-e-Amlasada 100 gm,,,,,,,
Jawarish,Jawarish-e-Bisbasa 100 gm,,,,,,,
Jawarish,Jawarish-e-Jalinoos 100 gm,,,,,,,
Jawarish,Jawarish-e-Kamooni 100 gm,,,,,,,
Jawarish,Jawarish-e-Mastagi 100 gm,,,,,,,
Jawarish,Jawarish-e-Pudina 100 gm,,,,,,,
Jawarish,Jawarish-e-Shahi 100 gm,,,,,,,
Jawarish,Jawarish-e-Zanjabeel 100 gm,,,,,,,
Jawarish,Jawarish-e-Zaroonisada 100 gm,,,,,,,
Khamira,Khamira Abresham Sada 60 gm,,,,,,,
Khamira,Khamira-e-Marwareed 60 gm,,,,,,,
Khamira,Khamira-e-Gaozuban Sada 60 gm,,,,,,,
Kushta,Kushta Marjan Sada 10 gm,,,,,,,
Kushta,Kushta-e-Shankh 10 gm,,,,,,,
Kushta,Kushta-e-Sadaf 10 gm,,,,,,,
Kushta,Kushta-e-Faulad 10 gm,,,,,,,
Kushta,Kushta-e-Godanti 10 gm,,,,,,,
Kushta,Kushta-e-Baiza-e-Murgh 10 gm,,,,,,,
Lauq,Lauq-e-Khashkhash 100 gm,,,,,,,
Lauq,Lauq-e-Khiarshambar 100 gm,,,,,,,
Lauq,Lauq-e-Sapistan 100 gm,,,,,,,
Marham,Marham Quba 50 gm,,,,,,,
Marham,Marham Kafoor 50 gm,,,,,,,
Majoon,Majoon Arad Khurma 100 gm,,,,,,,
Majoon,Majoon Azaraqi 100 gm,,,,,,,
Majoon,Majoon Ispand Sokhatani 100 gm,,,,,,,
Majoon,Majoon Chobchini 100 gm,,,,,,,
Majoon,Majoon Dabeed-ul-Ward 100 gm,,,,,,,
Majoon,Majoon Falasifa 100 gm,,,,,,,
Majoon,Majoon Hajrul Yahood 100 gm,,,,,,,
Majoon,Majoon Jograj Guggulu 100 gm,,,,,,,
Majoon,Majoon Najah 100 gm,,,,,,,
Majoon,Majoon Piyaz 100 gm,,,,,,,
Majoon,Majoon Rahul Momineen 100 gm,,,,,,,
Majoon,Majoon Suparipak 100 gm,,,,,,,
Majoon,Majoon Suranjan 100 gm,,,,,,,
Majoon,Majoon Ushba 100 gm,,,,,,,
Majoon,Majoon Zabeeb 100 gm,,,,,,,
Majoon,Majoon Kundur 100 gm,,,,,,,
Majoon,Majoon-e-Masik-ul-Baul 100 gm,,,,,,,
Majoon,Majoon-e-Nankhwah 100 gm,,,,,,,
Majoon,Anoshdaru 100 gm,,,,,,,
Majoon,Dawa-ul-misk Motadil Sada 100 gm,,,,,,,
Majoon,Tiryaq-e-Arba 100 gm,,,,,,,
Majoon,Tiryaq-e-Nazla 100 gm,,,,,,,
Unani Medicines - Other,Sanun Mukharije Ratubat 50 gm,,,,,,,
Unani Medicines - Other,Sanun Mukharije Ratubat 1 kg,,,,,,,
Unani Medicines - Other,Zaroore-e-Qula 10 gm,,,,,,,
Unani Medicines - Other,Zaroore-e-Qula 1 kg,,,,,,,
Raughan,Raughan-e-Amla 50 ml,,,,,,,
Raughan,Raughan-e-Amla 100 ml,,,,,,,
Raughan,Raughan-e-Babuna Sada 50 ml,,,,,,,
Raughan,Raughan-e-Laboob-e-Saba 50 ml,,,,,,,
Raughan,Raughan-e-Surkh 25 ml,,,,,,,
Raughan,Raughan-e-Turb 5 ml,,,,,,,
Raughan,Raughan-e-Baiza-e-Murgh 100 ml,,,,,,,
Safoof,Safoof Chutki 50 gm,,,,,,,
Sharbat,Sharbat-e-Unnab 200 ml,,,,,,,
Sharbat,Sharbat-e-Buzoori Motadil 200 ml,,,,,,,
Sharbat,Sharbat-e-Anjabar 200 ml,,,,,,,
Sharbat,Sharbat-e-Deenar 200 ml,,,,,,,
Sharbat,Sharbat-e-Sadar 200 ml,,,,,,,
Sharbat,Sharbat-e-Zufa Murakkab 200 ml,,,,,,,
Sharbat,Sharbat-e-Khaksi 200 ml,,,,,,,
Unani Medicines - New Products,Habb-e-Rewand 30 pill,,,,,,,
Unani Medicines - New Products,Habb-e-Rewand 1000 pill,,,,,,,
Unani Medicines - New Products,Habb-e-Aasab 30 pill,,,,,,,
Unani Medicines - New Products,Habb-e-Aasab 1000 pill,,,,,,,
Unani Medicines - New Products,Habb-e-Mubarak 30 pill,,,,,,,
Unani Medicines - New Products,Habb-e-Mubarak 1000 pill,,,,,,,
Unani Medicines - New Products,Habb-e-Surfa Atfal 30 pill,,,,,,,
Unani Medicines - New Products,Habb-e-Surfa Atfal 1000 pill,,,,,,,
Unani Medicines - New Products,Habb-e-Hudar 30 pill,,,,,,,
Unani Medicines - New Products,Habb-e-Hudar 1000 pill,,,,,,,
Unani Medicines - New Products,Habb-e-Zahar Muhra 30 pill,,,,,,,
Unani Medicines - New Products,Habb-e-Zahar Muhra 1000 pill,,,,,,,
Unani Medicines - New Products,Habb-e-Hilteet 30 pill,,,,,,,
Unani Medicines - New Products,Habb-e-Hilteet 1000 pill,,,,,,,
Unani Medicines - New Products,Habb-e-Bawaseer Damiya 30 pill,,,,,,,
Unani Medicines - New Products,Habb-e-Bawaseer Damiya 1000 pill,,,,,,,
Unani Medicines - New Products,Habb-e-Banafsha 30 pill,,,,,,,
Unani Medicines - New Products,Habb-e-Banafsha 1000 pill,,,,,,,
Unani Medicines - New Products,Habb-e-Karanjawa 30 pill,,,,,,,
Unani Medicines - New Products,Habb-e-Karanjawa 1000 pill,,,,,,,
Unani Medicines - New Products,Habb-e-Asgand 30 pill,,,,,,,
Unani Medicines - New Products,Habb-e-Asgand 1000 pill,,,,,,,
Unani Medicines - New Products,Qurs-e-Anjbar 30 pill,,,,,,,
Unani Medicines - New Products,Qurs-e-Anjbar 1000 pill,,,,,,,
Unani Medicines - New Products,Qurs-e-Habis 30 pill,,,,,,,
Unani Medicines - New Products,Qurs-e-Habis 1000 pill,,,,,,,
Unani Medicines - New Products,Qurs-e-Ziabitus Khas 30 pill,,,,,,,
Unani Medicines - New Products,Qurs-e-Ziabitus Khas 1000 pill,,,,,,,
Unani Medicines - New Products,Marham Gulabi 50 gm,,,,,,,
Unani Medicines - New Products,Marham Kharish Jadeed 50 gm,,,,,,,
Unani Medicines - New Products,Marham Sufaid Kafoori 50 gm,,,,,,,
Unani Medicines - New Products,Triyaq-e-Pechish 50 gm,,,,,,,
Unani Medicines - New Products,Halwa Gheekwar 100 gm,,,,,,,
Unani Medicines - New Products,Mazoon Muqawwi-e-Raham 100 gm,,,,,,,
Unani Medicines - New Products,Luboob Sagheer 100 gm,,,,,,,
Unani Medicines - New Products,Majoon Sangdana-e-Murgh 100 gm,,,,,,,
Unani Medicines - New Products,Raughan-e-Ahmar 50 ml,,,,,,,
Unani Medicines - New Products,Raughan-e-Suranjan 50 ml,,,,,,,
Unani Medicines - New Products,Sufoof Kakara-Singi 50 gm,,,,,,,
Unani Medicines - New Products,Sufoof-e-Mushil 50 gm,,,,,,,
Unani Medicines - New Products,Sufoof Hazim 50 gm,,,,,,,
Unani Medicines - New Products,Sufoof Muhazzil 50 gm,,,,,,,
Unani Medicines - New Products,Sufoof Tabkheer 50 gm,,,,,,,
Unani Medicines - New Products,Sufoof Surkh 50 gm,,,,,,,
Unani Medicines - New Products,Sufoof-e-Namak-e-Shaikh-ur-Raees 50 gm,,,,,,,
Unani Medicines - New Products,Sufoof-e-Bars 50 gm,,,,,,,
Unani Medicines - New Products,Zimad-e-Muhallil 50 gm,,,,,,,
Unani Medicines - New Products,Sikanjbeen Buzoori Motadil 200 ml,,,,,,,
Unani Medicines - New Products,Kushta-e-Hajrul Yahood 10 gm,,,,,,,